X,Y,id,pavadinima,icon_url
84.7567050649165,0.0,"1",bus_stop,./0.png
84.7600427797197,0.0,"2",water_point,./1.png
84.7587695982112,0.0,"3",bus_stop,./0.png
84.7595570471847,0.0,"4",water_point,./1.png
84.7575979965438,0.0,"5",summit_point,./2.png
84.7638056829825,0.0,"7",rescue_point,./3.png
84.759064989875,0.0,"8",rescue_point,./3.png
84.7570896011419,0.0,"10",rescue_point,./3.png
